{
  "memory_only": {
    "3": {
      "pairwise_cosine_sim": 0.6228973277343643,
      "pairwise_cosine_sim_std": 0.15355599447091423,
      "effective_dim": 1.2659230828285217,
      "effective_dim_std": 0.06953924894332886,
      "update_rate": 0.06747518479824066,
      "update_rate_std": 0.007751733064651489,
      "inter_agent_std": 0.144588153809309,
      "inter_agent_std_std": 0.032725218683481216,
      "h_norm": 3.1801681518554688,
      "h_norm_std": 0.6196672916412354,
      "n_steps": 750.0,
      "n_steps_std": 0.0,
      "n_agents": 3.0,
      "n_agents_std": 0.0,
      "mem_dim": 128.0,
      "mem_dim_std": 0.0,
      "between_agent_var": 0.7859443053603172,
      "between_agent_var_std": 0.5717759504914284,
      "total_var": 8.362420558929443,
      "total_var_std": 0.022359371185302734,
      "specialization_ratio": 0.09380311612039804,
      "specialization_ratio_std": 0.06812364514917135
    },
    "5": {
      "pairwise_cosine_sim": 0.7305283877531688,
      "pairwise_cosine_sim_std": 0.05411159086227413,
      "effective_dim": 3.0312758684158325,
      "effective_dim_std": 0.20748388767242432,
      "update_rate": 0.10757240280508995,
      "update_rate_std": 0.008911963552236557,
      "inter_agent_std": 0.10708928480744362,
      "inter_agent_std_std": 0.03427630290389061,
      "h_norm": 2.8259016275405884,
      "h_norm_std": 1.527011752128601,
      "n_steps": 750.0,
      "n_steps_std": 0.0,
      "n_agents": 5.0,
      "n_agents_std": 0.0,
      "mem_dim": 128.0,
      "mem_dim_std": 0.0,
      "between_agent_var": 0.6162334233522415,
      "between_agent_var_std": 0.29379819333553314,
      "total_var": 5.308649182319641,
      "total_var_std": 3.809090495109558,
      "specialization_ratio": 0.1574144922196865,
      "specialization_ratio_std": 0.05760558322072029
    }
  },
  "full_gated": {
    "3": {
      "pairwise_cosine_sim": 0.7663586897916264,
      "pairwise_cosine_sim_std": 0.17400470252169503,
      "effective_dim": 1.4945260286331177,
      "effective_dim_std": 0.0013287067413330078,
      "update_rate": 0.06801867112517357,
      "update_rate_std": 0.036304865032434464,
      "inter_agent_std": 0.08254369162023067,
      "inter_agent_std_std": 0.044367590919137,
      "h_norm": 3.4963399171829224,
      "h_norm_std": 1.6843093633651733,
      "n_steps": 750.0,
      "n_steps_std": 0.0,
      "n_agents": 3.0,
      "n_agents_std": 0.0,
      "mem_dim": 128.0,
      "mem_dim_std": 0.0,
      "between_agent_var": 0.023210832849144936,
      "between_agent_var_std": 0.007104005664587021,
      "total_var": 5.7087671756744385,
      "total_var_std": 0.4915182590484619,
      "specialization_ratio": 0.004204129101708531,
      "specialization_ratio_std": 0.0016063733492046595
    },
    "5": {
      "pairwise_cosine_sim": 0.6003919774283966,
      "pairwise_cosine_sim_std": 0.11365813250641027,
      "effective_dim": 5.304901599884033,
      "effective_dim_std": 0.9560346603393555,
      "update_rate": 0.08699028939008713,
      "update_rate_std": 0.07810082286596298,
      "inter_agent_std": 0.04881603829562664,
      "inter_agent_std_std": 0.01659354753792286,
      "h_norm": 0.9873276650905609,
      "h_norm_std": 0.44550707936286926,
      "n_steps": 750.0,
      "n_steps_std": 0.0,
      "n_agents": 5.0,
      "n_agents_std": 0.0,
      "mem_dim": 128.0,
      "mem_dim_std": 0.0,
      "between_agent_var": 0.042006293311715126,
      "between_agent_var_std": 0.01580820418894291,
      "total_var": 0.5651853978633881,
      "total_var_std": 0.3684898912906647,
      "specialization_ratio": 0.09755624830722809,
      "specialization_ratio_std": 0.035634830594062805
    }
  }
}