{
  "baseline": {
    "3": {
      "mean_reward": -3257.7266666666674,
      "std_reward": 5890.733744369674,
      "n_seeds": 6,
      "mean_dist": 9.815
    },
    "5": {
      "mean_reward": -8577.718333333334,
      "std_reward": 13863.539100770067,
      "n_seeds": 6,
      "mean_dist": 16.325
    },
    "8": {
      "mean_reward": -21738.0,
      "std_reward": 28606.200827276356,
      "n_seeds": 3,
      "mean_dist": 26.743333333333336
    }
  },
  "memory_only": {
    "3": {
      "mean_reward": -646.895,
      "std_reward": 70.55661314386721,
      "n_seeds": 6,
      "mean_dist": 0.6783333333333333
    },
    "5": {
      "mean_reward": -868.2666666666668,
      "std_reward": 354.18099175735307,
      "n_seeds": 6,
      "mean_dist": 0.6950000000000002
    }
  },
  "full_gated": {
    "3": {
      "mean_reward": -3997.4,
      "std_reward": 7539.967839129024,
      "n_seeds": 6,
      "mean_dist": 10.225
    },
    "5": {
      "mean_reward": -18768.440000000002,
      "std_reward": 17780.6265046745,
      "n_seeds": 6,
      "mean_dist": 38.275000000000006
    }
  },
  "gaps": {
    "memory_only": {
      "3": {
        "baseline_mean": -3257.7266666666674,
        "baseline_std": 5890.733744369674,
        "variant_mean": -646.895,
        "variant_std": 70.55661314386721,
        "relative_advantage": 0.8014274780548356,
        "ci_lo": -0.13241114605959206,
        "ci_hi": 0.9208688134263099,
        "n_seeds_baseline": 6,
        "n_seeds_variant": 6
      },
      "5": {
        "baseline_mean": -8577.718333333334,
        "baseline_std": 13863.539100770067,
        "variant_mean": -868.2666666666668,
        "variant_std": 354.18099175735307,
        "relative_advantage": 0.8987765005873953,
        "ci_lo": 0.13394343605479545,
        "ci_hi": 0.9572908791314912,
        "n_seeds_baseline": 6,
        "n_seeds_variant": 6
      }
    },
    "full_gated": {
      "3": {
        "baseline_mean": -3257.7266666666674,
        "baseline_std": 5890.733744369674,
        "variant_mean": -3997.4,
        "variant_std": 7539.967839129024,
        "relative_advantage": -0.2270519933116126,
        "ci_lo": -10.930171480311193,
        "ci_hi": 0.8941816173393394,
        "n_seeds_baseline": 6,
        "n_seeds_variant": 6
      },
      "5": {
        "baseline_mean": -8577.718333333334,
        "baseline_std": 13863.539100770067,
        "variant_mean": -18768.440000000002,
        "variant_std": 17780.6265046745,
        "relative_advantage": -1.1880457332171028,
        "ci_lo": -17.723871975483657,
        "ci_hi": 0.47471951589339206,
        "n_seeds_baseline": 6,
        "n_seeds_variant": 6
      }
    }
  }
}